Date,S1BM1,M1BM2,M1BM3,M1BM4,S1BM5,M1BM1,M2BM2,M2BM3,M2BM4,M2BM5,M3BM1,M3BM2,M3BM3,M3BM4,M3BM5,M4BM1,M4BM2,M4BM3,M4BM4,M4BM5,B1BM1,M5BM2,M5BM3,M5BM4,B1BM5
2020-01-01,-0.02,-0.02,-0.02,-0.01,-0.01,-0.02,-0.02,-0.01,-0.01,-0.02,-0.03,-0.02,-0.02,0,0,-0.02,-0.01,-0.02,-0.01,-0.01,-0.01,0.01,-0.01,-0.02,-0.02
2020-01-02,0.69,0.42,0.66,0.41,0.48,0.79,0.62,0.67,0.53,0.6,0.47,0.58,0.48,0.69,0.55,0.5,0.77,0.62,0.54,0.91,0.17,0.19,0.76,0.57,1.1
2020-01-03,-0.46,-0.87,-0.7,-0.84,-0.75,-0.67,-0.56,-0.85,-0.9,-0.11,-0.78,-0.89,-0.77,-0.89,-1.15,-0.79,-0.99,-1.19,-0.84,-1.26,-0.17,-0.18,-0.72,-0.18,-0.96
2020-01-06,0.11,0.02,0.01,-0.03,0.04,-0.31,-0.71,-0.2,-0.3,-0.42,0.18,-0.28,-0.16,-0.39,-0.3,-0.06,-0.43,-0.02,-0.08,-0.32,-0.13,0.2,0.12,0.35,-0.13
2020-01-07,-0.22,-0.2,-0.11,-0.05,0.04,-0.61,-0.2,-0.24,-0.03,-0.32,-0.08,-0.22,-0.14,0.28,-0.15,-0.58,-0.44,-0.08,-0.07,0.16,-0.16,-0.51,-0.2,-0.6,0.03
2020-01-08,-0.32,-0.12,-0.4,-0.24,-0.32,-0.23,-0.56,-0.5,-0.54,-0.44,-0.14,-0.66,-0.07,-0.44,-0.63,-0.02,-0.01,-0.39,-0.17,-0.13,0.07,-0.31,0.07,-0.15,-0.06
2020-01-09,0.65,0.33,0.32,0.49,0.41,0.67,0.59,0.65,-0.11,0.04,0.4,0.93,0.2,0.57,0.47,0.82,0.31,0.26,-0.09,0.04,0.48,0.48,-0.03,0.07,0.23
2020-01-10,0.27,0.3,0.39,-0.12,0.08,0.11,-0.58,0.34,-0.08,-0.04,-0.01,-0.07,-0.11,0.12,-0.28,-0.22,-0.15,-0.03,0.27,-0.73,0.11,-0.02,0.07,0.16,-0.43
2020-01-13,0.53,0.61,0.74,0.25,0.29,0.22,0.54,0.01,0.3,0.11,-0.02,-0.48,0.13,0.64,0.21,-0.06,0.47,0.25,-0.04,0.37,0.14,0.34,-0.12,-0.2,-0.3
2020-01-14,0.1,-0.02,-0.05,-0.16,-0.05,0.17,-0.19,-0.24,-0.27,-0.09,0.56,0.14,0.19,0.3,0.11,0.38,0.57,0.31,0.16,0.22,0.47,0.35,0.05,-0.28,-0.07
2020-01-15,0.03,0.37,0.52,0.35,0.14,0.62,0.5,0.26,0.12,-0.22,0.31,0.37,-0.1,0.28,-0.34,0.55,0.65,0.17,-0.44,-0.68,1.14,0.78,-0.18,0.05,-0.81
2020-01-16,0.32,0.34,0.2,0.08,0.01,-0.07,-0.02,0.07,0.39,-0.02,0.18,-0.21,0.05,-0.05,0.19,0.21,0.56,0.22,0.69,0.4,-0.26,0.35,0.35,0.25,-0.05
2020-01-17,0.09,0.17,0.01,0.11,-0.12,-0.15,0.24,0.11,-0.34,-0.04,0.26,0.47,0.12,0.13,-0.01,0.63,0.17,0.26,-0.19,-0.07,0.85,0.79,0.62,0.13,0.15
2020-01-20,0.44,0.46,0.16,0.26,0.1,0.25,0.32,0.08,0.38,0.11,-0.76,0.12,0.3,0.35,0.06,0.18,0.03,0.17,0.22,0.08,-0.17,-0.15,-0.03,0.11,-0.11
2020-01-21,-0.22,-0.46,-0.43,-0.31,-0.41,-0.2,-0.7,-0.26,-0.42,-0.36,-0.55,-0.39,-0.46,-0.19,-0.59,-0.17,-0.44,-0.56,-0.37,-0.66,-0.07,-0.26,-0.57,-0.55,-0.63
2020-01-22,1.04,0.53,0.31,0.47,0.36,0.2,0.79,0.2,-0.18,0.17,0.3,0.33,0.02,0.09,-0.15,0.58,0,0,-0.13,0.06,0.25,0.23,0.07,-0.43,-0.26
2020-01-23,-1.34,-0.81,-0.72,-0.53,-0.63,-0.55,-1.31,-1.12,-1.1,-1.02,-1.05,-0.88,-1.23,-0.92,-1.04,-1.31,-1.25,-1.06,-0.89,-0.91,-1.02,-0.95,-1,-0.54,-0.97
2020-01-24,0.31,0.14,0.24,-0.06,-0.11,0.4,0.27,0.44,0.28,0.12,0.32,0.23,0.28,0.26,0.22,0.19,0.21,0.24,0.1,0.11,0.5,0.48,0.61,0.36,0.09
2020-01-27,-1.69,-1.7,-1.84,-1.49,-1.51,-1.96,-2.33,-2,-1.71,-1.76,-2.3,-1.63,-1.79,-1.92,-2.2,-1.61,-2.17,-1.98,-2.03,-2.33,-2.39,-2.02,-2.82,-2.15,-2.27
2020-01-28,0.48,0.25,0.56,0.39,0.38,0.41,0.58,0.17,0.49,0.6,0.17,0,0.49,0.5,0.73,0.69,0.7,0.72,0.76,1.17,0.76,0.7,1.11,1.14,1.03
2020-01-29,0.72,0.31,0.17,-0.03,0.13,0.09,-0.06,0.35,-0.03,0.12,-0.23,0.44,0.13,0.5,0.26,0,0.22,0.4,0.19,0.45,0.38,0.28,0.08,-0.09,0.2
2020-01-30,-0.29,-0.24,-0.36,-0.31,-0.35,-0.42,-0.94,-0.33,-0.59,-0.7,-0.48,-1.14,-0.72,-0.35,-0.78,-0.78,-0.72,-0.41,-0.6,-0.39,-0.49,-0.68,-0.85,-0.99,-0.81
2020-01-31,0.72,0.29,0.28,0.44,-0.03,0.41,0.03,0.5,0.11,-0.08,0.45,-0.06,-0.25,0.14,-0.37,-0.55,-0.44,-0.15,0.04,-0.68,-0.5,-0.45,-0.68,-0.82,-0.76
2020-02-03,-0.87,-0.63,-0.75,-0.77,-0.83,-0.65,-0.83,-0.6,-0.79,-0.63,-0.12,-0.29,-0.84,-0.25,-0.4,-0.24,-0.07,0.07,-0.21,-0.29,0.18,0.16,-0.29,-0.55,-0.23
2020-02-04,1.14,0.9,0.82,0.8,1.02,1.31,1.57,1.2,1.28,1.49,1.28,1.57,1.49,1.06,1.29,1.63,2.2,1.59,1.43,1.01,1.45,1.37,1.52,1.49,1.61
2020-02-05,0.05,-0.4,-0.01,0.07,0.02,0.09,0.41,0.18,0.13,0.28,0.79,0.99,0.54,0.45,0.33,0.72,0.84,1.01,0.61,1.1,0.7,0.51,0.94,1.12,1.04
2020-02-06,0.03,0.16,0.02,0.06,0.1,-0.13,-0.35,-0.34,0.04,0.04,0.17,-0.2,0.18,-0.61,0.3,-0.37,-0.25,-0.34,-0.22,-0.31,0.11,0.14,-0.02,0.31,1.03
2020-02-07,-0.8,-0.57,-0.54,-1.06,-0.73,-0.99,-0.9,-0.67,-1.04,-1.15,-1.42,-1.14,-0.54,-0.8,-0.96,-1.09,-1.54,-0.98,-1.01,-0.4,-0.75,-0.45,-1.14,-0.85,-0.37
2020-02-10,0.05,0.05,0.02,-0.09,-0.13,0.19,0.47,0.06,-0.1,-0.11,-0.01,-0.12,0.27,-0.09,-0.25,0.23,0.53,0.03,-0.3,-0.37,0.01,-0.06,-0.23,-0.22,-0.4
2020-02-11,1.19,0.91,0.92,0.81,0.82,1.01,1.38,1.06,1.06,1.41,1.24,1.35,1.3,1.14,1.52,1.08,1.38,1.25,0.94,1.15,0.71,0.73,0.99,0.79,1.1
2020-02-12,0.11,0.12,0.1,0.29,0.38,0.48,0.66,0.24,0.56,0.61,1.35,0.37,0.55,-0.07,0.47,0.16,0.19,0.42,0.58,0.79,-0.26,0.03,0.52,0.4,0.8
2020-02-13,-0.41,0.01,-0.46,-0.34,0.08,0,-0.34,0.02,0.42,-0.31,-0.14,-0.75,-0.59,-0.03,-0.08,-0.4,-0.66,-0.65,-0.6,0.4,-0.23,-0.46,-0.53,-0.4,-0.38
2020-02-14,0.68,0.02,0.23,0.03,0.12,-0.19,-0.14,0.19,0.02,0.26,-0.15,0.28,0.43,0.5,0.27,0.15,-0.19,0.18,0.07,0.27,-0.5,0.02,-0.11,0.11,-0.33
2020-02-17,0.37,0.45,0.39,-0.06,0.47,-0.12,0.29,0.18,0.17,0.02,0.07,0.3,0.16,0.05,0.3,-0.13,0.11,0.34,0.44,0.42,0.13,0.24,0.26,0.32,0.5
2020-02-18,-0.48,-0.86,-0.79,-0.98,-0.51,-0.63,-0.88,-0.74,-0.81,-0.74,-0.93,-1.03,-1.28,-0.96,-0.4,-0.55,-0.82,-0.76,-0.84,-0.89,-0.22,-0.49,-0.9,-0.74,-1.58
2020-02-19,0.67,0.4,0.29,0.06,0.53,0.3,0.74,0.54,0.87,0.46,0.97,1.2,0.59,0.85,0.62,0.85,0.59,0.81,0.87,0.92,1.1,1.28,1.04,0.67,0.22
2020-02-20,-0.5,-0.15,-0.36,-0.22,-0.04,0.03,0.02,-0.06,-0.19,-0.22,-0.31,-0.57,-0.52,-0.11,-0.56,-0.58,-0.83,-0.76,-0.13,-1,-1.1,-1.07,-0.36,-0.71,-0.7
2020-02-21,0.45,0.35,0,-0.17,0.02,-0.11,0.15,-0.03,-0.08,0.2,-0.05,-0.43,-0.02,0.35,-0.14,-0.13,-0.23,0.05,0.04,-0.24,0.23,0.06,-0.36,-0.17,-0.36
2020-02-24,-4.15,-4.04,-3.95,-3.64,-3.81,-3.81,-4.53,-4.49,-3.69,-4.24,-4.17,-3.98,-4.24,-3.4,-4.19,-3.93,-4.05,-3.85,-3.75,-3.96,-3.78,-3.66,-4.01,-3.78,-4.16
2020-02-25,-0.65,-0.72,-0.67,-0.78,-0.37,-0.86,-1.39,-1.52,-1.07,-1.08,-1.54,-1.21,-1.51,-1.3,-1.32,-1.79,-1.59,-1.16,-1.27,-2.17,-1.19,-1.76,-1.68,-1.93,-1.99
2020-02-26,-1.15,-1.06,-1.17,-0.91,-0.98,-0.45,-0.24,-0.42,-0.39,-0.34,-0.37,-0.18,-0.39,0.13,-0.42,-0.19,-0.2,-0.13,-0.08,-0.31,0.02,0.12,-0.18,0.23,0.26
2020-02-27,-2.83,-2.58,-2.06,-2.09,-1.85,-2.64,-2.73,-2.28,-1.79,-2.61,-2.87,-2.74,-2.58,-2.59,-3.19,-2.62,-2.5,-2.95,-2.55,-2.86,-2.1,-2.13,-3.44,-2.64,-2.87
2020-02-28,-2.51,-2.4,-2.45,-2.03,-2.33,-2.01,-1.55,-2.24,-2.5,-1.96,-1.82,-2.04,-2.02,-2.69,-2.98,-1.84,-2.18,-2.99,-2.75,-2.25,-2.88,-2.67,-3.2,-2.83,-2.76
2020-03-02,1.75,1.31,1.37,0.95,0.54,0.93,0.33,0.78,0.11,0.41,0.98,0.45,0.49,0.42,0.79,1.46,1.22,0.76,0.33,0.13,1.83,2.01,1.63,2.09,-0.07
2020-03-03,2.81,2.67,2.18,1.72,1.73,2.09,2.06,2.19,1.7,1.13,1.93,2.66,2.23,2.11,1.84,1.89,1.47,1.71,1.58,1.32,2.12,1.52,0.78,0.9,-0.09
2020-03-04,0.06,-0.18,-0.15,0.06,-0.31,0.33,0.67,-0.08,0.28,-0.21,0.57,0.02,-0.28,0.13,0.06,0.58,0.78,0.73,1.1,0.32,1.39,1.68,1.47,2.23,1
2020-03-05,-1.22,-0.78,-0.89,-1,-1.03,-0.8,-0.69,-1.15,-1.1,-2,-2.03,-1.18,-1.76,-0.75,-1.6,-0.99,-1.21,-1.43,-1.32,-2.4,-0.21,-0.53,-1.37,-1.33,-1.83
2020-03-06,-1.78,-2.22,-2.32,-1.73,-2,-1.66,-2.42,-2.36,-2.25,-2.31,-2.15,-2.41,-2.08,-2.28,-3.27,-1.76,-2.2,-2.4,-2.24,-2.4,-2.95,-2.58,-3.25,-3.06,-2.83
2020-03-09,-5.34,-4.75,-4.88,-4.49,-6.12,-4.77,-5.72,-5.16,-5.48,-6.92,-5.03,-5.76,-6.3,-5.13,-6.88,-4.6,-5.36,-6.3,-6.26,-7.43,-4.14,-4.67,-7.79,-8.89,-9.37
2020-03-10,-1.34,-0.87,-0.52,-1.25,-0.65,-1.75,-1.16,-1.41,-1.82,-1.82,-1.48,-1.55,-1.08,-2.15,-1.29,-1.44,-1.11,-1.64,-2.5,-1.22,-2.29,-1.8,-1.4,-1.24,-0.84
2020-03-11,-2.53,-2.31,-2.52,-2.11,-1.76,-2.23,-2.1,-2.69,-2.16,-2.06,-2.69,-2.33,-2.22,-1.75,-1.42,-3.14,-3.29,-2.73,-2.41,-2.27,-1.57,-1.79,-1.75,-2.18,-1.01
2020-03-12,-11.41,-10.57,-9.93,-9.66,-9.37,-10.64,-11.01,-11.19,-11.14,-11.18,-10.5,-10.77,-11.08,-11.33,-12.72,-10.05,-10.82,-11.96,-13.54,-13.49,-9.81,-10.32,-14.05,-13.84,-15.09
2020-03-13,0.47,0.28,0.07,0.35,0,0.02,-0.1,-0.09,-0.35,0.18,0.89,0.94,-0.16,-0.3,0.92,2.46,2.26,1.61,0.42,2.11,1.09,1.88,2.89,1.47,2.33
2020-03-16,-7.03,-8.46,-7.49,-8.06,-7.67,-7.74,-7.33,-7.54,-8.23,-8.88,-6.2,-4.54,-7.04,-7.2,-8.2,-5.37,-5.88,-6.59,-7.81,-7.53,-2.17,-4.09,-7.02,-6.08,-8.51
2020-03-17,-1,-3.55,-2.77,-2.55,-2.04,-1.15,-1.39,-2.13,-3.08,-2.68,-2.21,-1.36,-3.77,-3.11,-2.17,-0.24,0.03,-0.19,-1.76,-0.85,0.87,1.91,1.46,1.89,1.33
2020-03-18,-5,-4.63,-4.74,-4.03,-4.52,-5.66,-4.54,-5.27,-4.45,-5.65,-5.3,-4.67,-6.54,-5.5,-4.56,-3.19,-3.8,-3.8,-4.33,-5.93,-4.76,-3.89,-6.51,-6.13,-5.95
2020-03-19,-0.13,-0.54,-0.61,-1.51,-1.26,0.44,-0.73,-0.43,-0.12,-1.16,-1.45,-0.39,-0.2,-0.85,0.43,-0.58,-0.14,0.11,1.02,-0.56,2.76,1.35,2.22,0.14,-0.07
2020-03-20,2.21,3.4,2.44,2.42,2,3,3.29,4.11,3.46,2.27,3.97,2.19,3.05,3.08,2.94,1.15,3.41,1.98,2.92,2.11,0.89,0.33,3.53,2.1,2.03
2020-03-23,-2.24,-2.66,-1.19,-2.05,-1.7,-2.59,-2.32,-2.79,-2.86,-2.52,-3.04,-2.52,-3.22,-2.02,-3.51,-1.88,-2.62,-4.36,-3.41,-3,-4.09,-2.94,-2.05,-1.27,-2.93
2020-03-24,5.75,5.57,5.34,4.82,4.8,7.86,6.23,6.48,6.27,6.85,7.62,7.11,8.52,7.42,8.26,6.66,7.21,7.48,8.42,9.69,7.18,7.06,9.48,11.19,11.9
2020-03-25,3.97,3.66,2.72,3.58,2.62,3.97,3.38,2.44,3.58,4.59,4.49,3.35,4.1,3.41,2.88,2.94,4.74,3.4,3.93,4.58,3.12,4.17,3.55,4.49,4.42
2020-03-26,3.69,3.06,2.63,2.55,2.69,4.16,4.39,2.59,3.58,3.64,4.02,4.42,4.65,4.46,4.31,4.37,3.15,4.99,3.16,5.19,4.54,4.15,3.65,2.89,3.72
2020-03-27,-0.05,-0.15,-0.37,0.06,-0.15,-0.18,-0.93,-0.87,-0.7,-0.95,-1.53,-1.74,-2.28,-1.06,-1.29,-1.27,-2.44,-2.17,-2.32,-2.9,-1.48,-2.43,-3.27,-3.07,-4.08
2020-03-30,-0.29,0.05,-0.04,-0.39,-0.58,0.83,0.78,-0.24,-1.08,-0.95,0.32,-0.12,-0.26,-0.91,-1.36,1.22,-0.43,0.38,-0.46,-2.01,1.35,1.16,0.75,0.93,-2.24
2020-03-31,2.23,2.34,2.33,2.04,1.48,3.01,2.76,2.64,1.94,1.63,2.12,1.85,2.77,2.16,2.32,0,2.12,1.26,1.9,1.61,0.79,0.4,1.97,2.26,1
2020-04-01,-1.07,-1.58,-1.4,-1.42,-1.42,-2.78,-2.35,-2.46,-2.55,-2.44,-2.17,-2.61,-2.7,-2.91,-3.44,-2.07,-2.88,-3.47,-3.37,-3.93,-2.61,-3.22,-4.11,-3.12,-5.28
2020-04-02,0.08,-0.15,-0.33,-0.83,-0.71,0.04,0.13,-0.04,-0.18,-0.27,-1.35,-0.44,0.12,-0.59,-1.16,-0.33,-0.67,-0.59,-0.45,-0.66,-1.05,-0.45,0.7,1.49,-0.04
2020-04-03,-0.86,-0.66,-1.27,-0.57,-0.94,-1.42,-2.26,-1,-1.55,-1.92,-1.86,-1.93,-1.7,-1.39,-1.47,-0.82,-1.83,-1.5,-1.72,-2.62,-0.87,-0.69,-1.39,-2.2,-2.55
2020-04-06,2.87,2.45,2.91,2.53,2.24,3.5,3.53,3.64,2.82,3.21,4.11,2.74,3.51,3.15,3.65,3.71,4.09,4.37,4.26,5.14,2.59,2.94,4.74,3.43,5.55
2020-04-07,2.5,3.15,2.99,3.35,2.96,2.56,3.1,3.19,3.41,3.64,3.41,3.89,4.44,3.77,3.93,3.02,3.06,3.13,3.37,5.34,1.75,2.03,2.86,2.79,3.66
2020-04-08,0.68,0.54,0.65,0.59,0.46,1.51,1.39,1,0.97,1.47,1.88,1.59,0.67,0.56,0.33,0.85,0.42,0.46,0.63,-0.24,0.1,-0.04,-0.28,-0.69,-0.56
2020-04-09,2.45,2.59,2.28,2.13,2.17,2.52,2.18,2.43,2.15,2.62,2.57,2.22,2.59,2.51,1.93,2.29,2.7,2.76,3.18,3.13,1.89,1.71,1.82,2.23,3.2
2020-04-10,0.1,0.1,0.1,0.08,0.09,0.1,0.11,0.08,0.08,0.1,0.09,0.08,0.09,0.07,0.09,0.08,0.08,0.09,0.08,0.08,0.07,0.06,0.08,0.08,0.08
2020-04-13,-0.22,-0.25,-0.17,-0.22,-0.23,-0.25,-0.22,-0.26,-0.2,-0.22,-0.21,-0.15,-0.18,-0.2,-0.29,-0.12,-0.23,-0.21,-0.25,-0.27,-0.15,-0.27,-0.26,-0.14,-0.16
2020-04-14,3.41,3.15,2.78,2.47,2.18,2.35,1.89,1.28,1.48,0.93,2.63,2.54,1.4,0.63,0.53,2.89,2.31,0.78,0,-0.24,2.91,2.24,1.18,0.04,-0.77
2020-04-15,-3.69,-3.32,-3.51,-3.48,-3.01,-3.39,-2.92,-3.58,-4.18,-4.31,-3.35,-4.13,-4.46,-4.1,-5.02,-3.16,-4.24,-4.39,-4.14,-5.36,-2.4,-2.68,-4.9,-4.94,-5.83
2020-04-16,0.39,0.21,0.05,-0.13,-0.26,-0.24,0.34,-0.64,-0.43,-1.1,0.41,0.05,0.02,-0.28,-0.78,-0.3,0.2,-0.24,-1.21,-0.95,0.79,0.1,-0.28,-0.92,-1.34
2020-04-17,2.03,2.12,2.05,1.86,1.43,2.28,2.47,2.82,2.56,2.49,3.36,2.96,3.44,2.42,2.33,2.33,3.14,3.36,4.41,3.25,2.58,2.69,3.43,3.24,3.33
2020-04-20,0.44,0.46,-0.24,0.05,0.31,0.65,-0.07,0.76,-0.04,-0.15,0.42,0.49,0.1,-0.05,-0.09,0.42,-0.1,-0.57,-0.24,-0.75,0.98,0.69,-0.34,-0.36,-0.48
2020-04-21,-0.94,-1.66,-1.71,-1.75,-1.59,-1.47,-1.82,-2.11,-2.34,-2.72,-2.17,-2.2,-2.94,-1.9,-2.39,-2.04,-2.54,-2.2,-2.37,-2.2,-2.24,-3.1,-3.9,-2.95,-4.15
2020-04-22,0.69,0.7,0.41,0.58,0.27,1.1,1.04,0.89,0.03,0.56,1.19,0.78,0.59,0.91,0.14,1.39,1.17,1.48,0.42,1.82,1.13,0.86,1.95,2.22,1.35
2020-04-23,0.99,0.67,0.52,0.52,0.83,2.19,0.83,1.05,1.06,1.45,1.54,0.53,1.16,1.11,1.56,-0.05,0.69,0.91,1.43,2.23,0.1,-0.54,0.3,0.36,1.62
2020-04-24,0.83,0.19,0.48,0.53,0.21,0.07,0.03,-0.13,-0.72,-0.35,-0.31,-0.55,-0.34,-0.13,-0.3,0.15,0.09,-0.25,0.37,1.76,-0.66,-0.1,-0.13,-0.35,-1.22
2020-04-27,1.81,1.06,1.39,1.16,1.1,1.32,1.71,1.36,1.37,1.46,2.35,1.43,1.48,1.14,1.86,1.57,1.7,1.58,2.18,2.47,1.36,1.54,2.34,2.34,3.01
2020-04-28,0.73,1.23,0.39,0.79,0.79,1.5,1.13,1.05,1.31,0.72,0.84,1.46,1.95,1.16,1.99,0.34,0.68,1.74,1.78,3.56,0.12,0.86,2.04,1.46,3.7
2020-04-29,1.25,1.65,1.75,1.52,1.65,2.23,2.61,2.54,2.37,2.94,1.67,2.87,3.07,2.88,3.29,1.6,2.75,2.68,3,3.36,0.72,1.18,3.47,3.14,5.42
2020-04-30,0.79,0.2,0.51,0.49,0.32,0.23,-0.09,-0.27,0.01,-0.03,0.03,-0.35,-0.71,-0.33,-0.78,-0.7,-0.2,-0.74,-0.5,-1.36,-0.46,-0.4,-2.01,-2.47,-3.01
2020-05-01,-0.52,-0.77,-0.41,-0.3,-0.44,-0.81,-0.7,-0.64,-0.59,-0.64,-0.85,-0.91,-0.7,-0.3,-0.46,-0.91,-0.62,-0.57,-0.21,-0.26,-0.44,0,-0.65,-1.05,-0.73
2020-05-04,-1.81,-1.63,-1.8,-1.94,-1.89,-1.94,-1.96,-2.67,-2.49,-2.66,-1.85,-2.23,-2.58,-2.11,-3.27,-1.23,-3.22,-3.15,-3.69,-2.77,-1.97,-3.29,-3.87,-2.76,-4.59
2020-05-05,0.84,0.5,0.47,0.34,0.16,0.75,1.75,0.22,0.5,0.28,0.63,0.78,0.84,0.28,1.08,1.04,1.64,0.97,1.02,1.6,0.8,0.7,1.35,1.98,1.82
2020-05-06,-0.25,-0.39,-0.4,-0.32,-0.43,0.04,-0.65,-0.13,-0.9,-1.12,0.55,-0.14,-0.85,-0.49,-1.12,0.57,0.09,-0.93,-1.2,0.51,0.15,-0.68,-0.84,-1.33,-1.64
2020-05-07,0.86,1.2,0.68,0.88,0.68,1.26,1.31,0.8,0.92,1.56,2.46,1.67,0.8,1.57,1.34,2.09,1.75,1.38,1.6,0.51,1.1,1.65,1.68,1.48,1.87
2020-05-08,0.71,0.94,0.72,0.64,0.63,1.15,0.77,1.22,0.67,1.14,0.88,1.22,1.43,0.76,1.23,0.72,1.39,1.44,1.9,1.45,0.78,1.15,1.6,0.64,1.13
2020-05-11,-0.17,0.05,-0.01,-0.25,-0.48,1,0.08,-0.16,-0.46,-1.07,0.56,0.23,-0.47,-1.15,-1.15,0.56,-0.41,-1.35,-1.43,-1.15,-0.06,-0.15,-0.9,-0.91,-1.46
2020-05-12,0.55,0.16,0.47,0,-0.13,-0.83,-0.07,-0.44,-0.51,-0.71,-0.45,0.5,-1.12,-0.19,-0.52,-0.21,0.3,0.52,-0.17,1.57,0.67,0.51,0.5,0.13,-0.1
2020-05-13,-0.74,-1.29,-1.24,-1.03,-1.34,-1.3,-1.18,-1.52,-1.76,-1.8,-1.23,-1.62,-2,-1.5,-2.55,-0.89,-1.52,-1.53,-2.38,-2.61,-0.83,-1.68,-2.69,-2.9,-3.44
2020-05-14,-2.38,-1.66,-1.55,-1.57,-1.54,-2.09,-2.35,-2.07,-1.71,-1.9,-1.89,-2.18,-2.69,-1.72,-1.92,-2.29,-2.4,-2.46,-1.65,-2.37,-2.25,-2.13,-1.72,-1.82,-1.36
2020-05-15,0.44,0.56,0.64,0.16,0.39,0.14,0.2,0.7,0.46,0.56,0.75,1.05,0.76,0.73,0.76,1.25,1.1,1.14,0.58,2.49,0.45,0.32,0.88,0.27,0.34
2020-05-18,3.26,2.72,2.95,2.25,2.59,4.22,3.02,3.74,2.84,3.52,3.81,4.04,4.55,3.89,4.57,3.32,4.16,4.74,4.82,1.33,3.49,4.28,5.87,5.75,6.33
2020-05-19,0.69,0.5,0.45,0.56,0.09,0.49,0.26,-0.04,0.72,0.34,1.05,0.1,0.28,0.28,-0.2,-0.38,-0.24,-0.44,-1.16,-0.72,-0.08,-0.21,-0.77,-0.6,-1
2020-05-20,1.44,1.02,1.03,0.94,0.78,1.32,1.18,0.84,1.33,0.83,0.88,0.83,1.55,0.78,1.22,1.62,1.6,0.86,1.36,0.11,1.95,1.46,1.57,1.54,1.25
2020-05-21,-0.13,-0.45,-0.11,-0.35,-0.14,-0.54,0.14,0.23,-0.51,-0.69,-0.28,-0.13,-0.84,-0.69,-0.76,-0.45,-0.31,-0.44,-0.73,-0.66,-0.56,-0.74,-1.15,-1.3,-1.35
2020-05-22,0.03,-0.01,-0.2,0.09,-0.41,0.76,-0.12,-0.13,-0.32,-0.41,-0.38,0.2,-0.42,0.42,-0.22,0.37,-0.04,-0.35,-0.28,-0.39,-0.32,-0.68,-0.73,-0.43,-0.58
2020-05-25,0.9,1.08,1.01,1.17,0.7,0.76,1.22,1.16,1.45,1.28,1.22,1.35,1.67,1.52,1.84,1.37,1.22,1.42,1.74,-1.44,1.16,1.71,1.72,1.47,1.05
2020-05-26,2.1,1.47,2.05,1.77,2.12,1.57,1.69,1.99,1.84,3.28,2.34,1.79,2.53,1.99,3.06,2.04,1.81,3.16,3.14,2.65,0.82,0.93,2.36,1.8,4.66
2020-05-27,-0.25,-0.1,0.04,0.43,1.02,-0.41,-0.66,0.63,0.47,1.3,-0.27,-0.26,0.84,0.75,1.43,-1.18,-0.43,0.8,1.24,0.01,-1.29,0.07,1.48,2.01,3.82
2020-05-28,1.69,1.67,1.81,1.45,1.64,1.73,1.87,1.73,1.93,1.71,3.59,1.78,1.83,1.39,1.93,2.48,2.76,1.84,1.4,1.53,3.22,2.47,1.42,1.38,0.29
2020-05-29,1.03,0.65,1.03,0.65,0.28,1.43,0.51,0.17,-0.13,-0.37,-0.03,-0.06,-0.51,-0.5,-0.49,0.64,0.09,-0.38,-1.1,-1.77,-0.71,-0.09,-0.87,-1.2,-2.45
2020-06-01,1.47,1.43,1.6,1.35,1.32,1.15,0.91,0.82,1.14,1.46,1.57,1.16,1.23,1.7,1.37,0.78,1.09,1.43,1.44,2.07,0.9,0.72,2.2,1.98,2.5
2020-06-02,0.99,1.39,1.61,1.37,1.35,0.85,1.45,1.68,1.34,1.94,1.8,0.95,2.02,1.51,2.08,0.65,1.34,1.67,2.46,1.65,0.68,0.8,2.15,2.67,3.02
2020-06-03,0.9,1.09,1.7,1.43,1.59,1.27,2.13,2.18,2.49,2.57,2.05,1.81,3.04,2.84,2.8,0.95,1.85,2.53,3.65,3.07,2.09,2.39,4.14,3.59,4.74
2020-06-04,0.65,1.01,0.6,0.76,0.94,0.3,0.51,0.92,1.72,1.16,-0.11,1.1,0.54,0.91,1.32,0.28,0.84,0.4,0.54,2.07,0.18,0.12,0.23,0.17,0.45
2020-06-05,0.74,0.87,1.03,0.84,1.42,0.55,1.29,1.1,1.36,2.64,0.94,0.73,1.7,1.48,2.42,-0.39,0.18,1.3,1.43,2.4,0.68,0.82,2.71,2.83,4.33
2020-06-08,0.4,0.32,0.25,0.91,1.29,-0.81,-0.55,0.26,0.61,1.47,-1.1,-0.42,0.29,-0.36,0.63,-0.78,-0.04,0.43,0.52,1.12,-1.18,-0.22,0.15,0.79,1.41
2020-06-09,-0.74,-1.15,-0.43,-0.65,-0.33,-0.72,-0.26,-1.27,-1.32,-1.59,-0.93,-0.62,-1.92,-1.29,-1.87,-0.63,-0.72,-1.55,-2.53,-3.25,0.15,0.27,-1.23,-1.6,-3.06
2020-06-10,0.84,0.63,0.43,-0.09,-0.18,0.01,0.5,-0.56,-0.74,-0.94,-0.02,-0.24,-0.35,-0.41,-0.93,0.17,0.04,-0.27,-0.64,-1.32,0.74,0.24,-0.7,-0.67,-0.81
2020-06-11,-3.14,-3.47,-3.96,-3.15,-3.67,-3.61,-4.42,-3.85,-3.5,-5.06,-3.85,-4.2,-4.48,-3.81,-5.22,-3.61,-4.69,-5.01,-5.2,-5.7,-3.38,-4.1,-5.75,-5.42,-7.25
2020-06-12,0.25,-0.03,0.37,0.1,0.03,-0.11,-0.08,-0.12,-0.05,0.02,-0.27,0.08,-0.23,-0.07,0.15,-0.09,0.75,0.37,0.58,0.87,-0.61,-0.37,0.97,0.66,0.77
2020-06-15,0.67,1.01,0.51,0.53,0.37,0.63,1.08,0.74,0.67,0.64,1.09,0.68,0.49,0.9,0.59,1,0.73,0.5,0.67,-0.21,0.44,0.25,0.51,0.27,0.22
2020-06-16,1.01,1.15,0.98,0.92,1.03,1.58,2.03,1.33,1.56,1.73,1.51,1.6,1.48,1.43,2.1,1.31,1.56,2.19,1.48,2.84,1.87,1.78,2.5,1.91,2.42
2020-06-17,0.58,0.64,-0.18,0.14,0.02,1.07,1.43,0.02,-0.31,0.05,1.22,0.91,0.21,0.11,-0.09,1.01,0.96,-0.01,0,-0.64,1.55,1.23,-0.03,1.52,-0.36
2020-06-18,-0.97,-1.06,-0.81,-0.9,-0.6,-0.95,-1.13,-0.7,-0.61,-0.77,-0.35,-1.01,-0.74,-0.39,-0.85,-0.94,-0.56,-0.7,-0.61,-1.12,-1.25,-0.6,-0.71,-0.91,-1.17
2020-06-19,0.19,-0.21,-0.33,-0.08,-0.24,-0.52,0.02,-0.1,-0.15,-0.41,-0.23,0.27,-0.32,-0.09,-0.82,0.11,0.1,0.15,-0.6,-1.09,0.8,0.49,-0.18,0.32,-0.82
2020-06-22,0.54,0.8,0.23,1.07,0.47,1.18,0.89,0.24,0.13,0.1,0.93,0.81,0.6,0.4,-0.3,0.64,0.42,0.29,0.36,0.2,-0.08,0.15,0.39,0.38,0.31
2020-06-23,1.29,1.55,1.62,0.82,0.9,1.38,1.97,1.44,1.15,1.22,1.42,1.57,1.1,0.92,1.32,1.26,0.99,1.29,1.05,1.66,1.12,1.44,1.85,1.95,2.39
2020-06-24,-1.5,-1.4,-1.69,-1.33,-1.52,-1.52,-2.06,-2.28,-2.18,-2.73,-2.56,-2.72,-2.23,-2.09,-2.84,-2.7,-2.78,-3.04,-3.18,-3.77,-2.87,-2.71,-3.36,-3.22,-4.06
2020-06-25,0.49,-0.17,0.17,-0.27,-0.33,0.59,0.15,-0.27,-0.52,0.34,-0.43,0.05,-0.47,-0.43,-0.53,0.57,0.8,0.14,-0.03,0.3,0.49,0.51,0.72,0.35,1.36
2020-06-26,-0.76,-0.43,-0.22,-0.24,-0.73,-0.05,-0.26,0.15,-0.36,-0.94,0.12,0.13,-0.22,0.05,-0.35,-0.2,-0.8,-0.1,-0.29,-1.43,-0.27,-0.12,-0.72,-0.98,-1.44
2020-06-29,0.49,-0.05,0.25,0.22,0.16,-0.06,0.52,0.27,0.89,1.41,-0.5,0.63,0.67,0.56,0.94,0.29,0.39,0.79,0.4,1.66,0.08,0.31,1.02,1.18,1.97
2020-06-30,0.27,0.18,0.33,0.4,0.05,0.78,0.76,0.26,0.45,-0.12,0.42,0.38,0.45,0.49,0.3,0.54,0.09,0.29,0.41,0.15,-0.05,0.21,0.51,-0.45,0.06
2020-07-01,0.84,0.6,0.28,0.14,0.33,0.42,0.53,0.4,0.39,0.23,1,0.35,0.47,0.45,-0.02,0.9,1.12,0.52,-0.02,-0.27,0.74,0.6,-0.09,0.38,-0.38
2020-07-02,0.45,0.94,0.69,0.64,0.66,1.05,0.76,0.96,1.1,1.13,1.26,1.58,1.26,1.29,1.49,1.23,1,1.23,1.81,1.92,1.35,1.43,1.82,1.58,2.74
2020-07-03,0.76,0.33,0.38,0.31,0,0.58,-0.04,0.53,-0.16,-0.22,0.46,0.16,0.12,-0.11,-0.1,-0.49,-0.08,-0.37,-0.71,-0.56,-0.7,-0.35,-0.5,-0.6,-0.68
2020-07-06,0.99,1.25,1.49,1.11,1.3,1.93,1.35,1.37,1.36,1.32,1.83,1.43,2.06,1.67,2.03,1.2,1.7,1.87,2.28,2.63,1.94,1.86,1.97,1.66,2.8
2020-07-07,-0.06,-0.25,-0.27,-0.22,-0.66,0.34,-0.44,-0.59,-0.75,-0.76,-0.15,-0.6,-0.59,-1.16,-1.46,-1.08,-0.35,-0.62,-0.88,-1.13,-0.84,-0.8,-0.47,-1.15,-1.35
2020-07-08,0.65,0.75,0.96,0.5,0.27,0.47,0.41,0.27,-0.05,0.08,-0.1,-0.08,-0.35,0.07,-0.15,0.05,0.08,0.14,-0.27,-0.02,0.5,0.51,0.33,-0.07,-0.41
2020-07-09,-0.41,-0.19,-0.71,-0.66,-0.75,-0.61,-0.71,-1.49,-1.31,-1.07,-0.93,-0.93,-1.63,-1.22,-1.64,-0.35,-1.26,-0.88,-1.33,-1.88,-0.61,-0.47,-1.32,-1.96,-1.99
2020-07-10,0.35,0.45,0.31,0.1,0.1,0.15,0.76,0.56,0.53,0.53,0.63,0.39,0.63,0.87,0.97,0.42,0.52,0.93,1.56,1.57,0.46,0.45,1.3,0.94,1.7
2020-07-13,-0.03,1.02,0.4,0.68,0.61,0.68,0.93,0.84,0.94,0.6,0.88,1.02,1.08,1,0.72,-0.06,1.75,1.16,0.75,1.18,1.25,0.97,1.07,1.06,1.01
2020-07-14,-0.29,-0.35,0.04,-0.09,0.01,-0.95,-0.94,-0.45,-0.18,0.63,-0.94,-0.42,-0.25,0.21,0.7,-0.53,-0.27,0.27,0.22,1.08,-0.82,-0.38,0.35,1.23,0.98
2020-07-15,1.4,1.19,0.68,0.72,1.08,1.16,1.55,1.6,1.4,0.63,1.65,1.92,1.91,1.14,0.97,2.05,2.06,1.68,1.7,1.28,1.89,2.06,1.96,1.3,1.09
2020-07-16,0,0.24,-0.05,-0.32,-0.09,0.16,-0.32,0.2,-0.13,0.05,-0.32,-0.93,-0.61,-0.38,-0.07,-0.32,0.04,-0.55,-0.5,-0.09,-0.8,-0.91,-0.47,-0.3,-0.17
2020-07-17,0.74,0.69,0.63,0.6,0.89,0.85,1.01,0.97,0.28,0.46,0.71,0.34,0.78,0.22,0.29,0.73,1,0.13,-0.05,0.23,1.08,0.58,0.79,0.27,0.14
2020-07-20,1.2,0.77,1.26,0.81,0.48,1.37,0.95,0.93,0.48,0.29,1.14,1.13,0.62,0.47,0.66,1.17,1.3,0.79,0.58,0.32,1.03,1.13,0.99,0.43,0.38
2020-07-21,0.86,1.07,0.83,1.09,1.32,1.46,1.12,1,1.3,1.26,0.97,1.07,1.38,1.55,1.64,0.44,1.49,0.5,0.62,0.74,0.33,0.89,0.72,1.25,1.14
2020-07-22,0.9,0.23,0.3,0.19,0.01,0.47,0.11,-0.01,0.13,0.2,-0.04,0.2,0.08,0.42,0,0.76,0.78,1.03,0.34,0.16,0.01,-0.3,-0.37,-0.77,-0.3
2020-07-23,0.04,0.2,-0.06,0.07,0,-0.6,0.27,-0.44,-0.06,-0.34,-0.03,0.18,0.12,0.23,-0.32,-0.4,0.03,-0.16,-0.25,-0.46,0.18,0.44,-0.13,-0.36,-0.45
2020-07-24,-0.56,-0.19,-0.47,-0.18,-0.09,-1.33,-0.62,-0.7,-0.35,-0.4,-1.7,-0.6,-0.8,-0.73,-0.42,-1.49,-0.83,-0.68,-0.84,-1.02,-1.69,-1.43,-0.84,-0.31,-0.62
2020-07-27,0.83,0.87,1.1,0.69,0.41,1.6,0.95,0.53,0.07,0.18,1.28,0.89,0.53,0.25,-0.39,1.26,1.01,0.69,0.46,-0.34,1.12,0.87,0.94,0.3,-0.16
2020-07-28,-0.18,-0.46,-0.2,-0.03,-0.18,-0.71,0.05,-0.52,0.03,-0.02,-0.23,-0.54,-0.37,0,0.03,-0.39,0.14,-0.06,0.35,0.01,0.1,-0.32,-0.38,-0.21,-0.09
2020-07-29,0.89,0.49,0.59,0.51,0.54,1.38,0.73,0.95,0.8,0.67,0.34,1.25,0.6,0.97,0.4,1.3,1.82,0.68,0.24,0.52,0.59,1.12,1.46,0.67,0.22
2020-07-30,-0.62,-0.74,-0.42,-0.81,-0.88,-1.6,-0.55,-1.36,-0.89,-1.14,0,-1.11,-1.38,-1.06,-2.12,-0.93,-1.36,-1.29,-1.9,-2.02,-0.92,-1.5,-1.67,-2.29,-3.01
2020-07-31,0.21,-0.1,0.37,-0.06,-0.37,0.18,-0.69,-0.56,-0.52,-0.46,-0.31,-0.22,-0.75,-1.02,-0.71,-0.51,-0.5,-1.24,-1.2,-0.9,-1.68,-1.64,-2.13,-1.63,-1.96
2020-08-03,1.07,0.6,1.35,0.5,0.34,2.08,1.09,1.14,0.56,0.92,2.08,1.73,1.46,1.59,0.86,2.22,2.19,1.84,1.64,1.53,2.07,1.32,2.2,2.2,2.18
2020-08-04,0.5,0.53,-0.02,0.53,0.55,0.13,0.39,0.47,0.58,1.13,-0.04,-0.01,0.42,0.67,1.35,-0.61,-0.21,-0.08,0.93,1.59,-0.77,-0.18,0.16,0.64,1.5
2020-08-05,1.41,1.5,1.51,1.63,1.51,1.16,1.63,1.8,2.29,1.72,1.5,1.98,1.86,1.75,1.85,1.73,1.74,1.41,2.14,2.39,0.57,1.18,1.22,0.96,0.93
2020-08-06,0.37,0.16,0.09,-0.19,0.09,0.79,0.22,-0.22,-0.44,-0.15,0.23,-0.15,0.16,-0.55,-0.95,0.2,0.08,-0.48,-0.32,-0.47,-0.57,-0.4,-0.52,-0.88,-0.74
2020-08-07,-0.4,0.02,0,-0.18,-0.62,0.14,0.44,-0.43,-0.52,-0.76,0.28,0.17,-0.52,-0.61,-0.76,0.64,0.16,-0.26,-0.47,-0.29,0.02,-0.89,-0.38,-0.86,-1.08
2020-08-10,0.34,0.3,0.23,0.4,0.51,0.3,0.15,0.58,0.39,0.1,-0.64,0.02,0.43,0.58,0.99,-0.36,-0.51,-0.02,0.99,1.12,-0.67,-0.73,0.05,0.47,0.93
2020-08-11,0.76,0.64,0.22,0.5,0.78,0.7,1.22,1.32,1.82,1.01,0.99,1.8,2.09,1.39,2,0.84,0.84,1.47,1.84,1.78,0.84,1.54,1.54,1.6,2.55
2020-08-12,0.74,0.5,0.23,0.63,0.72,0.42,0.94,0.73,0.56,1.08,0.45,0.67,0.69,0.92,0.46,1.38,1.13,1.59,1.07,1.55,1.92,1.77,1.78,1.78,1.31
2020-08-13,0.59,0.33,0.96,0.4,0.2,1.14,0.72,0.54,0.17,0.19,0.3,0.65,0.48,0.36,-0.02,0.3,0.12,-0.01,-0.14,-0.76,0.26,0.02,-0.35,-0.88,-1.04
2020-08-14,-0.22,0.34,0.18,0.14,-0.03,-0.55,-0.63,-0.46,-0.29,-0.07,-1.14,-0.94,-1.06,-0.68,-0.61,-1.32,-1.16,-0.85,-1.08,-0.73,-1.29,-1.13,-0.85,-1.09,-0.72
2020-08-17,1.04,0.66,0.63,0.38,0.17,1.42,0.51,0.14,0.2,0.36,1.03,1.09,0.68,0.27,-0.2,1.49,1.03,0.9,0.07,-0.09,1.26,0.69,0.73,0.31,0
2020-08-18,0.72,0.64,0.86,0.39,0.51,-0.15,0.31,0.4,-0.02,0.35,-0.01,0.15,0.22,0.04,0.07,-0.06,-0.02,0.18,0.11,0.1,-0.19,0.06,0.21,-0.05,-0.21
2020-08-19,-1.33,-0.33,-0.8,-0.83,-0.73,-0.69,-0.78,-0.69,-0.85,-0.75,-1.01,-0.85,-0.93,-0.72,-0.43,-0.3,-0.42,-0.26,-0.53,-0.26,-0.22,-0.47,-0.1,-0.4,0.22
2020-08-20,0.12,0.2,-0.18,-0.01,0.07,0.06,-0.18,-0.28,-0.41,-0.94,-0.05,-0.25,-0.55,-0.25,-0.53,-0.2,-0.4,-0.8,-0.31,-0.98,-0.23,-0.43,-1.11,-0.88,-1.28
2020-08-21,-0.01,-0.31,-0.57,-0.76,-0.65,-0.02,-0.41,-0.52,-0.78,-0.69,-0.78,-1.06,-0.82,-0.61,-0.77,-0.52,-0.76,-0.69,-0.56,-0.89,-0.69,-0.48,-0.94,-0.93,-1.2
2020-08-24,0.47,0.87,0.24,0.39,0.25,0.53,0.72,0.55,0.85,0.67,0.41,1.11,1.49,1.14,1.03,0.64,0.85,1.45,1.59,1.75,0.97,1.54,1.86,2.02,2.16
2020-08-25,0.51,0.5,0.6,0.42,0.25,0.66,-0.06,0.07,0.1,0.39,0.46,0.42,0.08,0.13,0.4,0.74,0.9,-0.08,-0.21,0.18,0.32,0.61,0.14,-0.15,0.04
2020-08-26,0.67,0.71,0.82,0.46,0.56,1.74,1.17,1.31,1.07,0.79,1.61,1.52,0.53,1.24,0.82,0.92,1.52,0.92,1.06,1.08,0.85,1.04,0.82,0.3,0.78
2020-08-27,-0.25,0.2,-0.55,-0.12,-0.34,-0.28,0.01,-0.42,-0.07,-0.43,-0.42,-1.01,-0.52,-0.62,-0.9,-0.48,-0.79,-0.76,-0.69,-0.87,-0.77,-0.66,-0.94,-1.02,-0.82
2020-08-28,1.65,1.16,1.05,1.2,0.93,1.29,0.71,1.02,0.84,1.06,1.11,0.83,0.71,0.99,1.52,0.21,0.56,0.29,0.73,0.8,-0.16,-0.04,0.42,0.45,1.28
2020-08-31,0.44,0.57,0.19,0.15,0.25,0.77,0.09,0.07,-0.01,-0.02,1.03,0.45,-0.01,-0.25,-0.7,0.68,0.29,-0.19,0.25,-0.99,-0.03,-0.56,-0.64,-0.31,-0.89
2020-09-01,-0.56,-0.37,-0.27,-0.2,-0.41,-0.21,-0.65,-0.44,-0.62,-0.56,-0.46,-0.27,-0.67,-0.44,-0.54,-0.61,-0.5,-0.47,-0.7,-0.82,-0.25,-0.02,-0.34,-0.9,-0.84
2020-09-02,0.1,-0.14,-0.36,0.04,-0.4,0.16,-0.05,-0.31,-0.18,-0.82,0.46,0.86,0.59,0.24,-0.5,1.17,0.43,1.16,1.78,-0.08,1.85,1.07,1.62,0.63,0.18
2020-09-03,-1.13,-1.37,-1.18,-0.69,-0.68,-2.48,-1.4,-1.34,-0.67,-0.82,-2.48,-1.96,-1.76,-0.5,-0.26,-2.67,-2.12,-1.56,-0.29,-0.78,-1.95,-1.69,-1.45,-1.13,-0.77
2020-09-04,-1.18,-0.58,-0.5,-0.55,-0.07,-1.65,-0.34,0.01,-0.17,-0.17,-1.5,-1.03,-0.84,-0.52,1.12,-1.79,-1.42,-0.64,-0.25,0.31,-1.5,-1.48,-0.93,-0.73,0.47
2020-09-07,0.97,0.5,0.52,0.15,0.26,1.28,1.12,0.95,0.92,0.4,1.49,1.24,1.52,1.45,0.34,1.63,1.28,1.25,1.24,0.46,1.27,1.45,1.11,1.29,0.8
2020-09-08,-1.69,-1.4,-1.77,-1.06,-1.52,-1.93,-0.94,-1.23,-1.04,-1.43,-1.7,-1.07,-1.54,-0.94,-1.21,-1.45,-1.64,-1.35,-1.21,-1.8,-1.12,-1.62,-1.81,-1.97,-1.77
2020-09-09,1.25,0.76,0.79,0.66,0.78,1.67,0.33,1.37,0.62,0.95,0.84,1.13,1.03,1.13,1.9,1.28,1.61,1.69,1.07,2.13,2,2.07,2.19,2.19,2.07
2020-09-10,-0.51,-0.21,-0.23,0.09,0.02,-0.55,-0.51,-0.57,-0.07,0.07,-0.72,-0.79,-0.48,-0.08,-0.34,-1.05,-0.84,-0.36,-0.08,-0.38,-0.43,-0.51,-0.39,-0.68,-0.6
2020-09-11,0.36,0.35,0.21,0.13,0.26,0.25,0.22,0.03,0.24,-0.13,0.24,0.31,0.16,0.15,-0.08,0.63,0.13,0.22,-0.04,-0.46,0.72,0.59,0.48,0.35,-0.29
2020-09-14,1,0.32,0.49,0.53,0.51,1.19,0.81,0.54,1.08,0.82,0.92,0.61,0.95,0.17,0.25,0.94,0.61,0.64,0.45,0.13,0.28,0.39,0.17,-0.32,0.39
2020-09-15,0.87,0.49,0.03,0.3,0.26,1.66,0.78,0.46,0.39,0.14,0.38,0.5,0.74,0.3,0.14,0.65,0.88,0.64,0.3,-0.31,1.17,0.75,0.41,0.8,-0.11
2020-09-16,0.35,0.33,0.22,0.26,0.14,0.03,0.14,0.63,0.53,0.58,-0.12,0.15,0.56,0.49,0.56,0.65,-0.03,0.54,0.58,0.39,0.61,-0.07,-0.03,0.03,0.14
2020-09-17,0.3,-0.13,0.13,0.08,0.17,-0.47,0.26,0.53,0.23,0.34,0.06,0.46,0.22,-0.04,0.1,0.39,0.18,0.05,0.46,-0.53,-0.03,0,-0.2,-0.49,-0.51
2020-09-18,0.54,0.23,0,-0.4,-0.24,0.33,-0.32,-0.17,-0.38,-0.59,-0.59,-0.35,-0.73,-0.91,-1.17,-0.03,-0.02,-0.74,-1.78,-1.39,-0.03,-0.5,-0.55,-0.74,-1.89
2020-09-21,-3.16,-3.11,-2.82,-2.95,-3,-3.43,-3.49,-3.89,-4.25,-3.69,-4.5,-3.85,-3.98,-4.16,-3.61,-3.67,-3.32,-3.94,-4.91,-4.86,-2.6,-3.4,-4.04,-4.07,-4.83
2020-09-22,-0.06,-0.61,-0.23,-0.48,-0.68,-0.6,-0.38,-0.58,-0.84,-0.62,-0.28,-0.08,-0.39,-0.42,-0.71,0.2,-0.33,-0.25,-0.63,-0.47,-0.32,-0.06,-0.4,-0.41,-0.21
2020-09-23,-0.08,-0.22,-0.39,-0.36,-0.29,-0.23,0.41,-0.5,-0.36,-0.46,0.44,0.15,-0.52,-0.62,-1.21,0.38,0.14,-0.13,-0.29,-0.77,0.21,0.05,-0.2,-0.32,-0.57
2020-09-24,-1.14,-0.76,-0.52,-0.74,-0.65,-1.19,-0.74,-0.84,-0.44,-0.58,-0.94,-1.09,-1.08,-0.76,-0.58,-0.42,-0.49,-0.78,-0.61,-0.6,-1.3,-0.81,-0.37,-0.69,-0.25
2020-09-25,0.04,-0.11,-0.27,0.04,-0.17,0.51,1.77,-0.17,-0.35,-0.49,0.9,0.39,0.02,-0.17,-0.62,0.93,0.12,-0.16,0.05,-0.91,0.28,-0.38,-0.68,-0.47,-1.02
2020-09-28,1.68,1.83,1.43,1.58,1.56,1.61,1.17,2.16,1.58,1.97,2,2.34,2.28,2.35,2.54,1.97,1.92,2.52,2.43,3.5,1.59,1.92,2.78,2.06,3.72
2020-09-29,0.99,0.55,0.54,0.95,0.52,0.79,0.38,-0.1,0.13,0.34,0.53,0.26,0.42,0.17,0.07,0.65,0.66,0.45,0.07,-0.76,0.48,0.66,0.65,-0.19,-0.67
2020-09-30,0.53,0.86,0.55,1,0.51,1.3,1.03,0.98,1.39,0.89,1.05,0.8,0.56,0.52,0.62,0.02,0.31,0.04,0.14,0.7,-0.8,-0.58,-0.69,-0.3,0.43
2020-10-01,0.42,0.45,0.47,0.32,0.25,0.54,0.35,0.37,0.24,0.19,0.45,0.23,0.13,0.09,-0.14,0.48,0.77,0.23,0.61,-0.03,0.4,0.51,0.4,-0.04,0.15
2020-10-02,-0.12,-0.38,-0.3,-0.24,-0.06,-0.29,-0.04,-0.25,-0.29,-0.15,0.03,0.05,-0.22,-0.31,-0.1,0.27,-0.27,-0.05,0.12,-0.03,-0.18,-0.14,-0.13,0.05,0.07
2020-10-05,1.11,1.28,0.75,0.7,1.15,0.97,0.98,1.29,0.71,1.11,1.41,1.04,0.75,0.95,1,0.88,1.66,0.45,0.99,1.11,0.46,0.5,0.59,0.57,0.58
2020-10-06,-0.33,-0.28,-0.05,0.06,-0.18,-0.08,-0.13,0.21,0.3,-0.03,-0.75,-0.12,-0.07,0.05,0.72,-0.71,-0.46,-0.41,0,0.24,-0.41,-0.3,0.09,0.08,0.12
2020-10-07,-0.04,0.69,0.48,0.33,0.35,0.16,0.38,0.31,0.3,0.25,0.26,0.22,0.12,0.09,-0.07,0.29,-0.12,0.24,0.59,-0.11,0.19,0.13,0.42,-0.07,0.25
2020-10-08,0.7,0.41,0.62,0.45,0.53,0.51,0.64,0.22,0.41,0.27,0.28,0.71,0.27,0.41,0.48,-0.15,0.21,0.16,0.46,0.61,0.28,0.03,0.16,0.39,0.11
2020-10-09,1.45,0.87,0.78,0.9,0.81,1.41,0.83,0.82,0.67,0.52,1.88,0.72,0.3,0.52,0.36,1.25,0.89,0.12,0.44,0.18,0.43,0.5,0.37,0.29,0.12
2020-10-12,0.47,0.1,0.31,0.02,0,0.46,0.63,0.38,0.26,-0.09,0.59,0.39,0.28,0,-0.15,0.27,0.06,0.33,0.1,0.18,0.23,0.38,0.18,0.09,0.15
2020-10-13,-0.49,-0.89,-0.78,-0.89,-0.74,-0.76,-0.92,-1.31,-0.98,-0.59,-1.02,-0.8,-0.96,-0.68,-1.17,-0.52,-0.66,-0.49,-0.86,-0.93,-0.1,-0.18,-0.38,-0.32,-0.58
2020-10-14,0.8,0.02,0.18,0.27,0.15,1.66,0.48,0.24,0.13,0.05,0.62,0.06,-0.03,0.07,0.2,0.1,0.1,0.25,0.19,0.15,-0.11,0.3,0.05,0.16,0.16
2020-10-15,-1.55,-1.21,-1.3,-1.02,-1.01,-1.41,-1.07,-1.71,-1.05,-0.86,-1.75,-1.45,-0.6,-0.56,-0.97,-0.86,-1.16,-0.91,-0.88,-0.71,-0.58,-0.63,-0.87,-0.87,-0.69
2020-10-16,0.25,0.21,0.65,0.2,0.58,0.53,0.65,0.28,0.18,0.02,0.36,0.82,0.34,0.12,0.21,0.58,0.28,0.32,0.2,0.43,0.36,0.26,0.18,0.36,0.46
2020-10-19,0.12,0.17,0.44,0.24,0.27,0.32,0.34,0.1,0.55,0.07,-0.03,0.05,0.15,0.44,0.39,-0.21,0.12,-0.15,-0.09,0.24,0.07,0.06,0.04,0.12,0.25
2020-10-20,0.03,0.09,0.27,0.14,0.31,-0.3,0.24,0.18,0.06,0.34,-0.21,0.1,0.04,0.1,0.32,0.08,0.12,-0.11,0.57,0.41,0.05,0.13,0.15,-0.14,0.36
2020-10-21,-0.33,0.06,-0.23,0.07,0.2,-0.22,-0.32,-0.37,-0.44,0.08,-0.65,-0.47,-0.06,-0.41,-0.34,-0.52,-0.81,-0.43,-0.81,-0.55,-0.33,-0.42,-0.45,-0.3,-0.27
2020-10-22,-1.37,-1.08,-0.47,-0.65,-0.35,-0.71,-0.06,-0.09,-0.39,-0.41,-0.34,-0.51,-0.32,-0.01,0.09,-0.31,-0.12,-0.1,0.01,0.08,-0.34,-0.27,-0.03,-0.03,-0.05
2020-10-23,0.7,0.43,0.63,0.33,0.68,0.43,0.49,0.68,0.52,0.86,0.17,0.15,0.31,0.33,0.78,-0.22,0.08,0.18,0.32,0.57,0.16,0.05,0.37,0.33,0.39
2020-10-26,-2.14,-1.68,-1.51,-0.92,-1.33,-2.17,-1.49,-2.27,-1.46,-1.44,-2,-1.35,-0.94,-1.13,-1.26,-1.32,-1.31,-0.97,-1.11,-1.04,-0.67,-0.43,-0.6,-0.58,-0.49
2020-10-27,-0.2,-0.54,-0.14,-0.38,-0.5,0.45,-0.23,-0.54,-0.56,-0.64,-0.34,-0.58,-0.57,-0.65,-1.1,0.36,-0.1,0.04,-0.47,-1.21,0,-0.04,-0.47,-0.43,-0.57
2020-10-28,-4.04,-3.18,-2.77,-2.27,-2.35,-3.4,-2.11,-2.75,-2.35,-1.88,-2.46,-2.14,-1,-1.63,-1.63,-1.65,-1.84,-1.13,-1.99,-1.52,-0.64,-0.85,-1.03,-0.87,-1.2
2020-10-29,0.18,-0.22,-0.31,0.06,-0.1,-0.05,-0.42,-0.01,-0.44,-0.19,-0.24,-0.41,-0.34,-0.25,-0.59,-0.05,-0.26,-0.15,0.01,-0.39,0.03,-0.13,0.13,0.02,-0.17
2020-10-30,0.6,0.66,-0.09,0.25,0.29,-0.25,0.84,0.81,0.66,0.43,0.33,0.67,0.09,0.48,0.35,0.45,-0.27,0.02,0.12,0.38,-0.2,0.25,-0.29,0.36,0.22
2020-11-02,0.5,0.73,0.78,0.98,0.58,0.97,-0.4,0.54,0.76,0.93,0.32,0.24,1.15,1,1.3,-0.05,-0.05,1.64,1.2,1.97,1.14,1.05,1.68,1.85,2.18
2020-11-03,1.89,1.82,2.13,1.62,1.68,2.05,2.7,2.48,2.55,2.28,1.84,2.63,3.19,2.77,3.09,2.87,2.84,2.96,3.16,3.69,2.72,2.27,3.33,3.02,4.11
2020-11-04,1.82,1.47,0.94,0.66,0.67,2.83,1.23,1.2,1,0.74,2.21,2.15,1.53,1.1,0.78,2.87,2.01,1.52,1.09,0.56,3.23,2.73,1.19,1.18,0.09
2020-11-05,2.55,2.08,2.3,2.14,1.73,2.1,1.98,2.39,2.01,1.87,2.19,1.96,2.54,1.86,1.92,2.13,1.77,2.31,3.11,2.09,2.09,2.41,2.65,1.29,2.07
2020-11-06,0.36,0.03,0.53,0.29,0.53,0.35,0.21,0.62,0.37,0.19,-0.02,0.23,0.22,0.08,-0.16,-0.18,0.18,0.58,-0.07,0.04,0.16,0.39,0.8,-0.19,-0.05
2020-11-09,0.38,2.06,1.38,1.41,2.13,-0.43,1.52,3.62,4.07,3.63,2.17,1.96,3.29,3.99,5.52,0.53,0.71,2.66,4.96,5.45,0.48,2.48,4.43,5.25,6.77
2020-11-10,0.26,0.28,0.3,1.08,1.18,-1.08,0.19,1.09,1.77,1.22,-0.77,-0.08,1.13,1.67,2.26,-0.81,-1.14,0.71,1.97,2.34,-0.48,0.24,0.97,2.26,3.29
2020-11-11,0.3,0.33,0.33,0.56,0.55,1,0.71,1.17,0.85,0.7,0.01,0.64,0.11,0.99,0.37,0.91,0.78,0.58,0.19,-0.4,1.38,0.74,0.11,0.42,0.2
2020-11-12,-0.37,-0.35,-0.15,0.21,-0.18,-0.31,-0.27,-0.34,-0.66,-0.08,-0.1,-0.21,0.26,-0.31,-0.4,-0.46,-0.13,-0.58,-0.85,-0.48,-0.54,-0.33,-1.05,-0.87,-1.12
2020-11-13,0.79,1.03,1.27,0.94,1.14,0.95,0.43,1.03,0.72,0.89,0.58,0.74,0.42,0.89,0.68,0.47,0.35,0.83,1,1.46,-0.08,0.05,0.16,0.77,1.46
2020-11-16,0.55,1.21,1.57,1.66,2.08,0.89,1.48,2.15,2.47,2.63,1.67,1.64,2.59,2.05,3.15,0.55,0.91,1.91,2.59,2.42,0.19,0.93,1.03,1.87,2.59
2020-11-17,0.33,0.42,0.85,0.82,0.39,0.58,0.06,0.22,-0.03,-0.08,-0.07,-0.37,-0.11,-0.06,0.13,-0.12,-0.19,-0.29,0.21,1.05,-0.6,-0.29,-0.12,0.29,0.29
2020-11-18,1.03,0.47,1.26,0.51,1.02,0.51,0.62,0.66,0.88,1.02,0.27,0.5,0.55,0.81,1.12,-0.39,0.45,-0.06,0.83,1.03,-0.03,0.31,0.03,0.52,0.66
2020-11-19,0.18,0.41,0.63,-0.05,-0.07,0.22,-0.54,-0.4,-0.39,-0.58,-0.01,0.32,-0.48,-0.93,-0.75,0.23,-0.32,-0.7,-0.72,-0.74,-0.07,-0.03,-0.4,-0.95,-0.52
2020-11-20,0.44,0.6,0.38,0.22,0.58,0.42,0.52,0.29,0.11,0.42,0.76,0.69,0.47,0.41,0.33,1.11,0.15,0.36,0.03,-0.01,0.4,0.54,0.28,0.39,0.18
2020-11-23,-0.1,0.62,1.15,0.98,1.22,0.23,0.65,0.51,0.97,1.07,0.04,-0.3,0.36,0.39,0.79,-0.57,-0.38,0.22,0.47,0.8,-1.29,-0.67,-0.19,0.68,0.67
2020-11-24,0.22,0.89,0.69,0.9,1.57,-0.11,0.02,1.46,1.68,1.74,0.58,0.68,1.82,1.92,2.53,-0.95,0.12,0.92,1.69,2.84,-0.26,0.1,2.01,2.76,3.32
2020-11-25,0.3,0.06,1.14,0.46,0.44,0.34,-0.34,0.05,0.05,0.53,0.02,0.46,0.15,0.22,-0.15,-0.16,0.59,0.33,-0.09,-0.18,0.33,0.65,-0.02,-0.09,-0.22
2020-11-26,0.49,0.54,0.18,0.39,0.24,0.3,-0.01,-0.15,-0.13,-0.12,0.09,-0.13,-0.22,-0.16,-0.47,0.68,0.16,-0.39,-0.38,-0.53,0.25,0.28,-0.11,-0.42,-0.84
2020-11-27,1.11,0.84,0.78,0.97,0.6,1.44,0.76,0.81,0.72,0.84,0.85,0.94,0.93,0.81,0.62,1.13,1.01,0.8,0.82,0.37,0.68,0.84,1,0.69,0.8
2020-11-30,-0.18,0.24,-0.76,-0.28,-0.93,0.56,-0.28,-0.15,-0.94,-1.14,0.35,-0.36,-1.08,-1.21,-1.67,0.67,-0.39,-1.22,-1.71,-1.72,-0.54,-0.87,-1.27,-2,-1.8
2020-12-01,1.31,1.65,1.48,1.94,2.2,2.25,2.3,2.88,2.28,2.66,1.99,2.02,2.23,2.56,3.16,1.25,0.55,1.96,2.77,2.53,1.03,1.6,1.95,2.3,3.14
2020-12-02,0.36,0.28,0.92,0.27,0.08,-0.5,-0.12,-0.37,-0.05,0.3,0.39,-0.93,-0.37,-0.34,0.42,-0.39,-0.53,-0.2,-0.01,0.23,0.55,0.12,0.13,0.51,0.85
2020-12-03,0.55,0.62,0.88,0.72,0.77,0.82,0.87,1.06,0.72,0.69,0.63,0.67,0.9,0.79,0.71,0.01,0.64,0.4,0.47,0.7,0.09,0.16,0.22,0.19,0.47
2020-12-04,0.27,0.15,0.28,0.32,0.58,0.63,0.37,0.95,0.19,0.82,0.13,0.32,0.94,0.74,0.43,-0.08,-0.23,0.52,-0.01,0.17,0.13,-0.05,0.51,0.78,0.91
2020-12-07,0.43,0.09,0.24,0.36,0.17,0.08,-0.22,-0.44,-0.38,-0.19,-0.61,-0.78,-0.81,-0.7,-0.11,-0.55,-0.09,-0.65,-0.3,-0.62,0.54,-0.1,-0.15,-0.43,-0.94
2020-12-08,0.44,0,0.2,-0.07,0.01,0.43,-0.14,-0.5,-0.05,0.12,0.15,-0.15,0.24,-0.14,-0.14,0.76,0.04,0.26,-0.17,-0.43,0.36,0.14,0.18,-0.07,-0.39
2020-12-09,0.35,0.32,-0.06,0.06,-0.03,-0.9,0.43,-0.47,0.37,0.18,-0.23,0.51,0.02,0.05,0.09,0.51,-0.14,0.41,0.4,0.62,0.06,-0.13,-0.61,0.32,0.4
2020-12-10,-0.32,-0.23,0.3,-0.28,-0.12,-0.9,-0.45,-0.56,-0.47,-0.28,-0.3,-0.51,-0.1,-0.47,-0.64,-0.01,-0.07,-0.47,-0.33,-0.26,0.11,0.44,0.59,0.66,-0.8
2020-12-11,-0.6,-1.08,-0.56,-1.02,-0.61,-0.34,-0.76,-0.73,-0.92,-0.64,-0.56,-0.16,-1.21,-1.17,-1.19,0.16,-0.46,-0.63,-1.3,-1.75,-0.31,-0.34,-1.07,-1.95,-1.97
2020-12-14,1.2,1.45,1.04,0.87,1.04,1.56,1.19,0.71,1.29,1.11,0.99,1.17,1.81,0.94,1.01,1.27,0.87,1.11,1.23,1.17,0.2,0.35,0.9,0.44,1.29
2020-12-15,0.62,0.54,0.62,1.04,0.8,0.08,1.64,1.69,1.1,0.93,0.89,0.71,1.18,0.69,1.67,0.34,0.75,0.86,1.28,1.23,0,-0.16,0.66,0.57,1.66
2020-12-16,1.18,0.67,0.97,0.61,0.87,0.83,1.18,0.99,0.71,0.86,0.81,1.44,0.59,1.21,0.85,1.64,0.68,0.77,0.96,1.11,1,0.83,1.04,1.43,0.53
2020-12-17,1.76,1.46,1.27,1.23,1.09,2.12,1.57,1.77,1.11,1.1,1.4,1.63,1.54,1.12,0.82,0.87,1.87,0.92,1.16,1.04,0.8,0.75,1.23,0.65,0.57
2020-12-18,0.3,0.56,1.04,0.25,0.15,0.57,0.32,-0.64,0.09,-0.32,0.08,-0.14,-0.4,-0.43,-0.64,0.16,0.47,-0.28,-0.69,-0.72,-0.04,-0.38,-0.17,-0.26,-0.91
2020-12-21,-1.07,-1.43,-1.49,-1.87,-1.65,-0.49,-1.6,-1.71,-1.91,-2.09,-1.39,-1.46,-1.66,-1.91,-2.05,-1.16,-1.58,-1.68,-2.12,-2.48,-1.6,-1.55,-2.35,-2.96,-2.92
2020-12-22,0.27,0.5,1.12,0.2,0.02,1.64,0.36,0.71,0.39,0.11,0.76,0.64,0.5,0.28,0.34,0.33,0.43,0.26,0.1,0.24,0.33,0.28,0.34,0.23,0.37
2020-12-23,1.45,1.48,0.98,1.12,1.3,1.49,1.43,1.57,1.76,1.56,1.39,1.32,1.54,1.61,1.64,0.65,0.83,1.15,1.96,1.91,-0.1,0.76,1.4,1.74,2.31
2020-12-24,0.52,0.52,0.11,0.24,0.41,0.43,0.86,0.67,0.53,0.34,0.73,0.6,0.34,0.53,0.4,0.04,0.24,0.28,0.24,0.25,0.08,-0.06,0.05,0.12,0.3
2020-12-25,0.03,0.02,0.04,0.06,0.09,0.03,0.05,0.05,0.05,0.11,0.01,0.08,0.08,0.06,0.08,0.06,0.11,0.05,0.05,0.06,0.09,0.06,0.06,0.09,0.06
2020-12-28,0.67,0.55,0.32,0.3,0.46,0.51,0.24,0.32,0.6,0.54,0.33,0.7,0.75,0.58,0.43,0.82,0.08,0.29,0.55,0.65,0.98,1.33,1.25,0.64,0.37
2020-12-29,1.74,1.35,0.99,0.99,0.8,0.77,1.71,1.12,0.98,0.7,1.5,1.59,1.17,1.11,0.53,1.69,1.2,1.26,0.93,0.75,1.5,1.35,0.33,0.57,0.1
2020-12-30,1.01,1.03,0.63,0.7,0.97,0.72,0.63,0.3,0.64,0.57,0.08,0.15,0.3,-0.11,0.18,0.5,0.47,-0.11,0.03,0.08,0.19,0.29,0.15,0.09,0.16
2020-12-31,-0.15,-0.01,-0.32,-0.27,-0.07,-0.43,-0.43,-0.56,-0.65,-0.46,-0.7,-0.81,-0.88,-0.66,-0.77,-0.61,-0.92,-0.94,-0.86,-0.72,-0.84,-0.96,-1.28,-1,-0.89
